{
"lengthUnit": "mil",
"components": {
	"fields": ["COMPONENT_NO", "COMPONENT_NAME", "LAYER", "X_COORDINATE", "Y_COORDINATE", "ANGLE"],
	"rows": [
		[1, "ANT1", "T", 2, -858, 0],
		[2, "C1", "T", -233.7, 461.22, 270],
		[3, "C2", "T", -37.7, 461.83, 90],
		[4, "C3", "T", -273.81, 250.3, 90],
		[5, "C4", "T", -30, 250.3, 90],
		[6, "C5", "T", 300, -329.11, 180],
		[7, "C6", "T", -300, -459, 0],
		[8, "C7", "T", 546, -236.5, 90],
		[9, "C8", "T", -385.89, 250, 90],
		[10, "C9", "T", -550, -238.68, 270],
		[11, "C10", "T", -440, -334, 0],
		[12, "C13", "T", 302.3, 461.22, 90],
		[13, "C14", "T", -0.29, -536, 180],
		[14, "C15", "T", -300, -212, 0],
		[15, "C16", "T", -300, -395.75, 0],
		[16, "D1", "T", -301.7, 461.53, 90],
		[17, "EN", "T", -314.96, 0, 270],
		[18, "IO0", "T", 314.96, 0, 270],
		[19, "J1", "T", 0, 0, 0],
		[20, "LDO1", "T", -135.7, 465.89, 0],
		[21, "LED1", "T", 334, 255.88, 90],
		[22, "LED2", "T", 0, 0, 270],
		[23, "Q1", "T", 178, 253.48, 180],
		[24, "R1", "T", 300, -208, 180],
		[25, "R2", "T", 300, -268.55, 180],
		[26, "R3", "T", -330, 250, 90],
		[27, "R4", "T", -300, -335.13, 180],
		[28, "R5", "T", -300, -273.76, 180],
		[29, "R8", "T", 24.49, 250, 270],
		[30, "R9", "T", 78.48, 250, 270],
		[31, "R13", "T", 278, 254, 90],
		[32, "R14", "T", 390, 254, 270],
		[33, "R15", "T", 300, -396, 0],
		[34, "R16", "T", 300, -459.05, 0],
		[35, "U1", "T", 0.01, -326, 0],
		[36, "U2", "T", -148, 250, 270],
		[37, "U3", "T", 435.62, -244, 90],
		[38, "U4", "T", -440, -238.01, 90],
		[39, "U5", "T", 198.3, 461.53, 270],
		[40, "U6", "T", 64.3, 460.84, 90],
		[41, "USB", "T", 0, 752, 180],
		[42, "PAD1", "B", 74, 846, 0],
		[43, "PAD2", "B", -74, 846, 0],
		[44, "PAD3", "T", -263.78, 854, 0],
		[45, "PAD4", "T", 263.78, 854.02, 0]
	]
},
"pins": {
	"fields": ["PIN_NO", "PIN_NAME", "PIN_X", "PIN_Y", "LAYER", "PIN_TYPE", "NET_NAME", "NET_TYPE", "PAD_SHAPE", "PAD_SIZEX", "PAD_SIZEY", "HOLE_SIZE", "PAD_ANGLE"],
	"rows": [
		[1, "ANT1_1", -106.27, -858, "T", "SMD", "$1N17086", "", "R", 47.24, 86.61, 0, 0],
		[2, "ANT1_2", 110.27, -858, "T", "SMD", "ANT1_2", "", "R", 47.24, 86.61, 0, 0],
		[3, "C1_1", -233.7, 488.78, "T", "SMD", "GND", "GND", "R", 31.5, 35.43, 0, 270],
		[4, "C1_2", -233.7, 433.66, "T", "SMD", "+5V", "", "R", 31.5, 35.43, 0, 270],
		[5, "C2_1", -37.7, 434.27, "T", "SMD", "GND", "GND", "R", 31.5, 35.43, 0, 90],
		[6, "C2_2", -37.7, 489.39, "T", "SMD", "3V3", "", "R", 31.5, 35.43, 0, 90],
		[7, "C3_1", -273.81, 222.74, "T", "SMD", "3V3", "", "R", 31.5, 35.43, 0, 90],
		[8, "C3_2", -273.81, 277.86, "T", "SMD", "GND", "GND", "R", 31.5, 35.43, 0, 90],
		[9, "C4_1", -30, 222.74, "T", "SMD", "3V3", "", "R", 31.5, 35.43, 0, 90],
		[10, "C4_2", -30, 277.86, "T", "SMD", "GND", "GND", "R", 31.5, 35.43, 0, 90],
		[11, "C5_1", 327.56, -329.11, "T", "SMD", "GND", "GND", "R", 31.5, 35.43, 0, 180],
		[12, "C5_2", 272.44, -329.11, "T", "SMD", "3V3", "", "R", 31.5, 35.43, 0, 180],
		[13, "C6_1", -327.56, -459, "T", "SMD", "GND", "GND", "R", 31.5, 35.43, 0, 0],
		[14, "C6_2", -272.44, -459, "T", "SMD", "3V3", "", "R", 31.5, 35.43, 0, 0],
		[15, "C7_1", 546, -264.06, "T", "SMD", "3V3", "", "R", 31.5, 35.43, 0, 90],
		[16, "C7_2", 546, -208.94, "T", "SMD", "GND", "GND", "R", 31.5, 35.43, 0, 90],
		[17, "C8_1", -385.89, 222.44, "T", "SMD", "EN", "", "R", 31.5, 35.43, 0, 90],
		[18, "C8_2", -385.89, 277.56, "T", "SMD", "GND", "GND", "R", 31.5, 35.43, 0, 90],
		[19, "C9_1", -550, -211.12, "T", "SMD", "GND", "GND", "R", 31.5, 35.43, 0, 270],
		[20, "C9_2", -550, -266.24, "T", "SMD", "3V3", "", "R", 31.5, 35.43, 0, 270],
		[21, "C10_1", -467.56, -334, "T", "SMD", "GND", "GND", "R", 31.5, 35.43, 0, 0],
		[22, "C10_2", -412.44, -334, "T", "SMD", "3V3", "", "R", 31.5, 35.43, 0, 0],
		[23, "C13_1", 302.3, 433.66, "T", "SMD", "GND", "GND", "R", 31.5, 35.43, 0, 90],
		[24, "C13_2", 302.3, 488.78, "T", "SMD", "BAT", "", "R", 31.5, 35.43, 0, 90],
		[25, "C14_1", 27.27, -536, "T", "SMD", "GND", "GND", "R", 31.5, 35.43, 0, 180],
		[26, "C14_2", -27.85, -536, "T", "SMD", "3V3", "", "R", 31.5, 35.43, 0, 180],
		[27, "C15_1", -327.56, -212, "T", "SMD", "GND", "GND", "R", 31.5, 35.43, 0, 0],
		[28, "C15_2", -272.44, -212, "T", "SMD", "3V3", "", "R", 31.5, 35.43, 0, 0],
		[29, "C16_1", -327.56, -395.75, "T", "SMD", "GND", "GND", "R", 31.5, 35.43, 0, 0],
		[30, "C16_2", -272.44, -395.75, "T", "SMD", "3V3", "", "R", 31.5, 35.43, 0, 0],
		[31, "D1_1", -301.7, 415.36, "T", "SMD", "+5V", "", "R", 39.37, 29.53, 0, 90],
		[32, "D1_2", -301.7, 507.69, "T", "SMD", "VBUS", "", "R", 39.37, 29.53, 0, 90],
		[33, "EN_1", -272.64, 82.68, "T", "SMD", "EN", "", "R", 41.34, 27.56, 0, 270],
		[34, "EN_2", -272.64, -82.68, "T", "SMD", "EN_2", "", "R", 41.34, 27.56, 0, 270],
		[35, "EN_3", -357.28, 82.68, "T", "SMD", "EN_3", "", "R", 41.34, 27.56, 0, 270],
		[36, "EN_4", -357.28, -82.68, "T", "SMD", "GND", "GND", "R", 41.34, 27.56, 0, 270],
		[37, "IO0_1", 357.28, 82.68, "T", "SMD", "IO0", "", "R", 41.34, 27.56, 0, 270],
		[38, "IO0_2", 357.28, -82.68, "T", "SMD", "IO0_2", "", "R", 41.34, 27.56, 0, 270],
		[39, "IO0_3", 272.64, 82.68, "T", "SMD", "IO0_3", "", "R", 41.34, 27.56, 0, 270],
		[40, "IO0_4", 272.64, -82.68, "T", "SMD", "GND", "GND", "R", 41.34, 27.56, 0, 270],
		[41, "J1_1", -494.44, 807.74, "T", "DIP", "3V3", "", "P", 311.1, 312.14, 0.1, 300],
		[42, "J1_1", -494.44, 807.74, "B", "DIP", "3V3", "", "P", 311.1, 312.14, 0.1, 300],
		[43, "J1_1", -433.07, 750.1, "T", "DIP", "3V3", "", "C", 118.11, 118.11, 118.11, 300],
		[44, "J1_1", -433.07, 750.1, "B", "DIP", "3V3", "", "C", 118.11, 118.11, 118.11, 300],
		[45, "J1_2", -724.32, 602.21, "T", "DIP", "IO4", "", "P", 318.47, 318.13, 0.1, 320],
		[46, "J1_2", -724.32, 602.21, "B", "DIP", "IO4", "", "P", 318.47, 318.13, 0.1, 320],
		[47, "J1_2", -663.5, 556.75, "T", "DIP", "IO4", "", "C", 118.11, 118.11, 118.11, 320],
		[48, "J1_2", -663.5, 556.75, "B", "DIP", "IO4", "", "C", 118.11, 118.11, 118.11, 320],
		[49, "J1_3", -865.13, 330.35, "T", "DIP", "IO2", "", "P", 299.3, 297.62, 0.1, 340],
		[50, "J1_3", -865.13, 330.35, "B", "DIP", "IO2", "", "P", 299.3, 297.62, 0.1, 340],
		[51, "J1_3", -813.91, 296.24, "T", "DIP", "IO2", "", "C", 118.11, 118.11, 118.11, 340],
		[52, "J1_3", -813.91, 296.24, "B", "DIP", "IO2", "", "C", 118.11, 118.11, 118.11, 340],
		[53, "J1_4", -895.67, 0.34, "T", "DIP", "SCL1", "", "P", 255.9, 309.32, 0.1, 0],
		[54, "J1_4", -895.67, 0.34, "B", "DIP", "SCL1", "", "P", 255.9, 309.32, 0.1, 0],
		[55, "J1_4", -866.14, 0, "T", "DIP", "SCL1", "", "C", 118.11, 118.11, 118.11, 0],
		[56, "J1_4", -866.14, 0, "B", "DIP", "SCL1", "", "C", 118.11, 118.11, 118.11, 0],
		[57, "J1_5", -865.13, -330.35, "T", "DIP", "SDA1", "", "P", 299.3, 297.62, 0.1, 20],
		[58, "J1_5", -865.13, -330.35, "B", "DIP", "SDA1", "", "P", 299.3, 297.62, 0.1, 20],
		[59, "J1_5", -813.91, -296.24, "T", "DIP", "SDA1", "", "C", 118.11, 118.11, 118.11, 20],
		[60, "J1_5", -813.91, -296.24, "B", "DIP", "SDA1", "", "C", 118.11, 118.11, 118.11, 20],
		[61, "J1_6", -724.32, -602.21, "T", "DIP", "IO26", "", "P", 318.47, 318.13, 0.1, 40],
		[62, "J1_6", -724.32, -602.21, "B", "DIP", "IO26", "", "P", 318.47, 318.13, 0.1, 40],
		[63, "J1_6", -663.5, -556.75, "T", "DIP", "IO26", "", "C", 118.11, 118.11, 118.11, 40],
		[64, "J1_6", -663.5, -556.75, "B", "DIP", "IO26", "", "C", 118.11, 118.11, 118.11, 40],
		[65, "J1_7", -494.44, -807.74, "T", "DIP", "IO25", "", "P", 311.1, 312.14, 0.1, 60],
		[66, "J1_7", -494.44, -807.74, "B", "DIP", "IO25", "", "P", 311.1, 312.14, 0.1, 60],
		[67, "J1_7", -433.07, -750.1, "T", "DIP", "IO25", "", "C", 118.11, 118.11, 118.11, 60],
		[68, "J1_7", -433.07, -750.1, "B", "DIP", "IO25", "", "C", 118.11, 118.11, 118.11, 60],
		[69, "J1_8", 494.44, -807.74, "T", "DIP", "IO27", "", "P", 311.1, 312.14, 0.1, 120],
		[70, "J1_8", 494.44, -807.74, "B", "DIP", "IO27", "", "P", 311.1, 312.14, 0.1, 120],
		[71, "J1_8", 433.07, -750.1, "T", "DIP", "IO27", "", "C", 118.11, 118.11, 118.11, 120],
		[72, "J1_8", 433.07, -750.1, "B", "DIP", "IO27", "", "C", 118.11, 118.11, 118.11, 120],
		[73, "J1_9", 724.32, -602.21, "T", "DIP", "IO14", "", "P", 318.47, 318.13, 0.1, 140],
		[74, "J1_9", 724.32, -602.21, "B", "DIP", "IO14", "", "P", 318.47, 318.13, 0.1, 140],
		[75, "J1_9", 663.5, -556.75, "T", "DIP", "IO14", "", "C", 118.11, 118.11, 118.11, 140],
		[76, "J1_9", 663.5, -556.75, "B", "DIP", "IO14", "", "C", 118.11, 118.11, 118.11, 140],
		[77, "J1_10", 865.13, -330.35, "T", "DIP", "IO12", "", "P", 299.3, 297.62, 0.1, 160],
		[78, "J1_10", 865.13, -330.35, "B", "DIP", "IO12", "", "P", 299.3, 297.62, 0.1, 160],
		[79, "J1_10", 813.91, -296.24, "T", "DIP", "IO12", "", "C", 118.11, 118.11, 118.11, 160],
		[80, "J1_10", 813.91, -296.24, "B", "DIP", "IO12", "", "C", 118.11, 118.11, 118.11, 160],
		[81, "J1_11", 895.67, 0, "T", "DIP", "IO13", "", "P", 255.9, 309.32, 0.1, 180],
		[82, "J1_11", 895.67, 0, "B", "DIP", "IO13", "", "P", 255.9, 309.32, 0.1, 180],
		[83, "J1_11", 866.14, 0, "T", "DIP", "IO13", "", "C", 118.11, 118.11, 118.11, 180],
		[84, "J1_11", 866.14, 0, "B", "DIP", "IO13", "", "C", 118.11, 118.11, 118.11, 180],
		[85, "J1_12", 865.13, 330.35, "T", "DIP", "IO15", "", "P", 299.3, 297.62, 0.1, 200],
		[86, "J1_12", 865.13, 330.35, "B", "DIP", "IO15", "", "P", 299.3, 297.62, 0.1, 200],
		[87, "J1_12", 813.91, 296.24, "T", "DIP", "IO15", "", "C", 118.11, 118.11, 118.11, 200],
		[88, "J1_12", 813.91, 296.24, "B", "DIP", "IO15", "", "C", 118.11, 118.11, 118.11, 200],
		[89, "J1_13", 724.32, 602.21, "T", "DIP", "GND", "GND", "P", 318.47, 318.13, 0.1, 220],
		[90, "J1_13", 724.32, 602.21, "B", "DIP", "GND", "GND", "P", 318.47, 318.13, 0.1, 220],
		[91, "J1_13", 663.5, 556.75, "T", "DIP", "GND", "GND", "C", 118.11, 118.11, 118.11, 220],
		[92, "J1_13", 663.5, 556.75, "B", "DIP", "GND", "GND", "C", 118.11, 118.11, 118.11, 220],
		[93, "J1_14", 494.44, 807.74, "T", "DIP", "+5V", "", "P", 311.1, 312.14, 0.1, 240],
		[94, "J1_14", 494.44, 807.74, "B", "DIP", "+5V", "", "P", 311.1, 312.14, 0.1, 240],
		[95, "J1_14", 433.07, 750.1, "T", "DIP", "+5V", "", "C", 118.11, 118.11, 118.11, 240],
		[96, "J1_14", 433.07, 750.1, "B", "DIP", "+5V", "", "C", 118.11, 118.11, 118.11, 240],
		[97, "LDO1_1", -173.1, 420.47, "T", "SMD", "+5V", "", "R", 19.29, 45.55, 0, 0],
		[98, "LDO1_2", -135.7, 420.47, "T", "SMD", "GND", "GND", "R", 19.29, 45.55, 0, 0],
		[99, "LDO1_3", -98.3, 420.47, "T", "SMD", "+5V", "", "R", 19.29, 45.55, 0, 0],
		[100, "LDO1_4", -98.3, 511.31, "T", "SMD", "LDO1_4", "", "R", 19.29, 46.26, 0, 0],
		[101, "LDO1_5", -173.1, 511.31, "T", "SMD", "3V3", "", "R", 19.29, 46.26, 0, 0],
		[102, "LED1_1", 334.13, 224.41, "T", "SMD", "$1N22485", "", "R", 31.5, 31.5, 0, 180],
		[103, "LED1_2", 333.87, 287.36, "T", "SMD", "VBUS", "", "R", 31.5, 31.5, 0, 180],
		[104, "LED2_1", -98.42, 59.05, "T", "SMD", "NEOPIX_PWR", "", "R", 59.05, 39.37, 0, 0],
		[105, "LED2_2", -98.42, -59.05, "T", "SMD", "LED2_2", "", "R", 59.05, 39.37, 0, 0],
		[106, "LED2_3", 98.42, -59.05, "T", "SMD", "GND", "GND", "R", 59.05, 39.37, 0, 0],
		[107, "LED2_4", 98.42, 59.05, "T", "SMD", "NEOPIX", "", "R", 59.05, 39.37, 0, 0],
		[108, "Q1_1", 214.22, 227.89, "T", "SMD", "RTS", "", "R", 27.56, 16.54, 0, 180],
		[109, "Q1_2", 214.22, 253.48, "T", "SMD", "$1N15680", "", "R", 27.56, 16.54, 0, 180],
		[110, "Q1_3", 214.22, 279.07, "T", "SMD", "IO0", "", "R", 27.56, 16.54, 0, 180],
		[111, "Q1_4", 141.78, 279.07, "T", "SMD", "DTR", "", "R", 27.56, 16.54, 0, 180],
		[112, "Q1_5", 141.78, 253.48, "T", "SMD", "$1N15628", "", "R", 27.56, 16.54, 0, 180],
		[113, "Q1_6", 141.78, 227.89, "T", "SMD", "EN", "", "R", 27.56, 16.54, 0, 180],
		[114, "R1_1", 329.66, -208, "T", "SMD", "SCL", "", "R", 31.75, 34.02, 0, 180],
		[115, "R1_2", 270.34, -208, "T", "SMD", "3V3", "", "R", 31.75, 34.02, 0, 180],
		[116, "R2_1", 329.66, -268.55, "T", "SMD", "SDA", "", "R", 31.75, 34.02, 0, 180],
		[117, "R2_2", 270.34, -268.55, "T", "SMD", "3V3", "", "R", 31.75, 34.02, 0, 180],
		[118, "R3_1", -330, 220.34, "T", "SMD", "3V3", "", "R", 31.75, 34.02, 0, 90],
		[119, "R3_2", -330, 279.66, "T", "SMD", "EN", "", "R", 31.75, 34.02, 0, 90],
		[120, "R4_1", -270.34, -335.13, "T", "SMD", "IO21", "", "R", 31.75, 34.02, 0, 180],
		[121, "R4_2", -329.66, -335.13, "T", "SMD", "SDA", "", "R", 31.75, 34.02, 0, 180],
		[122, "R5_1", -270.34, -273.76, "T", "SMD", "IO22", "", "R", 31.75, 34.02, 0, 180],
		[123, "R5_2", -329.66, -273.76, "T", "SMD", "SCL", "", "R", 31.75, 34.02, 0, 180],
		[124, "R8_1", 24.49, 279.66, "T", "SMD", "$1N15628", "", "R", 31.75, 34.02, 0, 270],
		[125, "R8_2", 24.49, 220.34, "T", "SMD", "RTS", "", "R", 31.75, 34.02, 0, 270],
		[126, "R9_1", 78.48, 279.66, "T", "SMD", "DTR", "", "R", 31.75, 34.02, 0, 270],
		[127, "R9_2", 78.48, 220.34, "T", "SMD", "$1N15680", "", "R", 31.75, 34.02, 0, 270],
		[128, "R13_1", 278, 224.34, "T", "SMD", "$1N22485", "", "R", 31.75, 34.02, 0, 90],
		[129, "R13_2", 278, 283.66, "T", "SMD", "$1N22484", "", "R", 31.75, 34.02, 0, 90],
		[130, "R14_1", 390, 283.66, "T", "SMD", "$1N22486", "", "R", 31.75, 34.02, 0, 270],
		[131, "R14_2", 390, 224.34, "T", "SMD", "GND", "GND", "R", 31.75, 34.02, 0, 270],
		[132, "R15_1", 270.47, -396, "T", "SMD", "3V3", "", "R", 31.5, 31.5, 0, 180],
		[133, "R15_2", 329.53, -396, "T", "SMD", "LIGHT_SENSOR", "", "R", 31.5, 31.5, 0, 180],
		[134, "R16_1", 270.34, -459.05, "T", "SMD", "GND", "GND", "R", 31.75, 34.02, 0, 0],
		[135, "R16_2", 329.66, -459.05, "T", "SMD", "LIGHT_SENSOR", "", "R", 31.75, 34.02, 0, 0],
		[136, "U1_1", -108.27, -463.8, "T", "SMD", "3V3", "", "R", 11.02, 31.5, 0, 0],
		[137, "U1_2", -88.58, -463.8, "T", "SMD", "$1N17086", "", "R", 11.02, 31.5, 0, 0],
		[138, "U1_3", -68.9, -463.8, "T", "SMD", "3V3", "", "R", 11.02, 31.5, 0, 0],
		[139, "U1_4", -49.21, -463.8, "T", "SMD", "3V3", "", "R", 11.02, 31.5, 0, 0],
		[140, "U1_5", -29.53, -463.8, "T", "SMD", "U1_5", "", "R", 11.02, 31.5, 0, 0],
		[141, "U1_6", -9.84, -463.8, "T", "SMD", "U1_6", "", "R", 11.02, 31.5, 0, 0],
		[142, "U1_7", 9.84, -463.8, "T", "SMD", "U1_7", "", "R", 11.02, 31.5, 0, 0],
		[143, "U1_8", 29.53, -463.8, "T", "SMD", "U1_8", "", "R", 11.02, 31.5, 0, 0],
		[144, "U1_9", 49.21, -463.8, "T", "SMD", "EN", "", "R", 11.02, 31.5, 0, 0],
		[145, "U1_10", 68.9, -463.8, "T", "SMD", "IO34", "", "R", 11.02, 31.5, 0, 0],
		[146, "U1_11", 88.58, -463.8, "T", "SMD", "LIGHT_SENSOR", "", "R", 11.02, 31.5, 0, 0],
		[147, "U1_12", 108.27, -463.8, "T", "SMD", "U1_12", "", "R", 11.02, 31.5, 0, 0],
		[148, "U1_13", 137.8, -434.27, "T", "SMD", "IO33", "", "R", 31.5, 11.02, 0, 0],
		[149, "U1_14", 137.8, -414.58, "T", "SMD", "IO25", "", "R", 31.5, 11.02, 0, 0],
		[150, "U1_15", 137.8, -394.89, "T", "SMD", "IO26", "", "R", 31.5, 11.02, 0, 0],
		[151, "U1_16", 137.8, -375.2, "T", "SMD", "IO27", "", "R", 31.5, 11.02, 0, 0],
		[152, "U1_17", 137.8, -355.53, "T", "SMD", "IO14", "", "R", 31.5, 11.02, 0, 0],
		[153, "U1_18", 137.8, -335.84, "T", "SMD", "IO12", "", "R", 31.5, 11.02, 0, 0],
		[154, "U1_19", 137.8, -316.16, "T", "SMD", "3V3", "", "R", 31.5, 11.02, 0, 0],
		[155, "U1_20", 137.8, -296.47, "T", "SMD", "IO13", "", "R", 31.5, 11.02, 0, 0],
		[156, "U1_21", 137.8, -276.78, "T", "SMD", "IO15", "", "R", 31.5, 11.02, 0, 0],
		[157, "U1_22", 137.8, -257.1, "T", "SMD", "IO2", "", "R", 31.5, 11.02, 0, 0],
		[158, "U1_23", 137.8, -237.42, "T", "SMD", "IO0", "", "R", 31.5, 11.02, 0, 0],
		[159, "U1_24", 137.8, -217.73, "T", "SMD", "IO4", "", "R", 31.5, 11.02, 0, 0],
		[160, "U1_25", 108.27, -188.21, "T", "SMD", "U1_25", "", "R", 11.02, 31.5, 0, 0],
		[161, "U1_26", 88.58, -188.21, "T", "SMD", "U1_26", "", "R", 11.02, 31.5, 0, 0],
		[162, "U1_27", 68.9, -188.21, "T", "SMD", "U1_27", "", "R", 11.02, 31.5, 0, 0],
		[163, "U1_28", 49.21, -188.21, "T", "SMD", "U1_28", "", "R", 11.02, 31.5, 0, 0],
		[164, "U1_29", 29.53, -188.21, "T", "SMD", "NEOPIX", "", "R", 11.02, 31.5, 0, 0],
		[165, "U1_30", 9.84, -188.21, "T", "SMD", "U1_30", "", "R", 11.02, 31.5, 0, 0],
		[166, "U1_31", -9.84, -188.21, "T", "SMD", "U1_31", "", "R", 11.02, 31.5, 0, 0],
		[167, "U1_32", -29.53, -188.21, "T", "SMD", "U1_32", "", "R", 11.02, 31.5, 0, 0],
		[168, "U1_33", -49.21, -188.21, "T", "SMD", "U1_33", "", "R", 11.02, 31.5, 0, 0],
		[169, "U1_34", -68.9, -188.21, "T", "SMD", "NEOPIX_PWR", "", "R", 11.02, 31.5, 0, 0],
		[170, "U1_35", -88.58, -188.21, "T", "SMD", "SCL1", "", "R", 11.02, 31.5, 0, 0],
		[171, "U1_36", -108.27, -188.21, "T", "SMD", "SDA1", "", "R", 11.02, 31.5, 0, 0],
		[172, "U1_37", -137.79, -217.73, "T", "SMD", "3V3", "", "R", 31.5, 11.02, 0, 0],
		[173, "U1_38", -137.79, -237.42, "T", "SMD", "IO19", "", "R", 31.5, 11.02, 0, 0],
		[174, "U1_39", -137.79, -257.1, "T", "SMD", "IO22", "", "R", 31.5, 11.02, 0, 0],
		[175, "U1_40", -137.79, -276.78, "T", "SMD", "TX", "", "R", 31.5, 11.02, 0, 0],
		[176, "U1_41", -137.79, -296.47, "T", "SMD", "RX", "", "R", 31.5, 11.02, 0, 0],
		[177, "U1_42", -137.79, -316.16, "T", "SMD", "IO21", "", "R", 31.5, 11.02, 0, 0],
		[178, "U1_43", -137.79, -335.84, "T", "SMD", "3V3", "", "R", 31.5, 11.02, 0, 0],
		[179, "U1_44", -137.79, -355.53, "T", "SMD", "U1_44", "", "R", 31.5, 11.02, 0, 0],
		[180, "U1_45", -137.79, -375.2, "T", "SMD", "U1_45", "", "R", 31.5, 11.02, 0, 0],
		[181, "U1_46", -137.79, -394.89, "T", "SMD", "3V3", "", "R", 31.5, 11.02, 0, 0],
		[182, "U1_47", -137.79, -414.58, "T", "SMD", "U1_47", "", "R", 31.5, 11.02, 0, 0],
		[183, "U1_48", -137.79, -434.27, "T", "SMD", "U1_48", "", "R", 31.5, 11.02, 0, 0],
		[184, "U1_49", 0, -326, "T", "SMD", "GND", "GND", "R", 212.6, 212.6, 0, 0],
		[185, "U2_1", -205.08, 279.47, "T", "SMD", "3V3", "", "R", 9.84, 29.53, 0, 270],
		[186, "U2_2", -205.08, 259.79, "T", "SMD", "GND", "GND", "R", 9.84, 29.53, 0, 270],
		[187, "U2_3", -205.08, 240.09, "T", "SMD", "3V3", "", "R", 9.84, 29.53, 0, 270],
		[188, "U2_4", -205.09, 220.41, "T", "SMD", "TX", "", "R", 9.84, 29.53, 0, 270],
		[189, "U2_5", -177.52, 192.91, "T", "SMD", "RX", "", "R", 29.53, 9.84, 0, 270],
		[190, "U2_6", -157.84, 192.91, "T", "SMD", "3V3", "", "R", 29.53, 9.84, 0, 270],
		[191, "U2_7", -138.15, 192.91, "T", "SMD", "D+", "", "R", 29.53, 9.84, 0, 270],
		[192, "U2_8", -118.47, 192.91, "T", "SMD", "D-", "", "R", 29.53, 9.84, 0, 270],
		[193, "U2_9", -90.91, 220.47, "T", "SMD", "3V3", "", "R", 9.84, 29.53, 0, 270],
		[194, "U2_10", -90.91, 240.16, "T", "SMD", "U2_10", "", "R", 9.84, 29.53, 0, 270],
		[195, "U2_11", -90.91, 259.85, "T", "SMD", "U2_11", "", "R", 9.84, 29.53, 0, 270],
		[196, "U2_12", -90.91, 279.5, "T", "SMD", "DTR", "", "R", 9.84, 29.53, 0, 270],
		[197, "U2_13", -118.47, 307.09, "T", "SMD", "RTS", "", "R", 29.53, 9.84, 0, 270],
		[198, "U2_14", -138.15, 307.09, "T", "SMD", "U2_14", "", "R", 29.53, 9.84, 0, 270],
		[199, "U2_15", -157.84, 307.09, "T", "SMD", "U2_15", "", "R", 29.53, 9.84, 0, 270],
		[200, "U2_16", -177.52, 307.09, "T", "SMD", "U2_16", "", "R", 29.53, 9.84, 0, 270],
		[201, "U2_17", -148, 249.99, "T", "SMD", "GND", "GND", "R", 66.93, 66.93, 0, 270],
		[202, "U3_1", 406.09, -293.68, "T", "SMD", "U3_1", "", "R", 26.57, 11.02, 0, 90],
		[203, "U3_2", 425.78, -293.68, "T", "SMD", "GND", "GND", "R", 26.57, 11.02, 0, 90],
		[204, "U3_3", 445.46, -293.68, "T", "SMD", "GND", "GND", "R", 26.57, 11.02, 0, 90],
		[205, "U3_4", 465.15, -293.68, "T", "SMD", "U3_4", "", "R", 26.57, 11.02, 0, 90],
		[206, "U3_5", 475.48, -263.68, "T", "SMD", "3V3", "", "R", 11.02, 26.57, 0, 90],
		[207, "U3_6", 475.48, -244, "T", "SMD", "GND", "GND", "R", 11.02, 26.57, 0, 90],
		[208, "U3_7", 475.48, -224.31, "T", "SMD", "GND", "GND", "R", 11.02, 26.57, 0, 90],
		[209, "U3_8", 465.15, -194.31, "T", "SMD", "3V3", "", "R", 26.57, 11.02, 0, 90],
		[210, "U3_9", 445.46, -194.31, "T", "SMD", "U3_9", "", "R", 26.57, 11.02, 0, 90],
		[211, "U3_10", 425.78, -194.31, "T", "SMD", "U3_10", "", "R", 26.57, 11.02, 0, 90],
		[212, "U3_11", 406.09, -194.31, "T", "SMD", "U3_11", "", "R", 26.57, 11.02, 0, 90],
		[213, "U3_12", 395.76, -224.31, "T", "SMD", "U3_12", "", "R", 11.02, 26.57, 0, 90],
		[214, "U3_13", 395.76, -244, "T", "SMD", "SCL", "", "R", 11.02, 26.57, 0, 90],
		[215, "U3_14", 395.76, -263.68, "T", "SMD", "SDA", "", "R", 11.02, 26.57, 0, 90],
		[216, "U4_1", -478.39, -209.47, "T", "SMD", "GND", "GND", "R", 23.62, 15.75, 0, 90],
		[217, "U4_2", -452.79, -209.47, "T", "SMD", "3V3", "", "R", 23.62, 15.75, 0, 90],
		[218, "U4_3", -427.21, -209.47, "T", "SMD", "SDA", "", "R", 23.62, 15.75, 0, 90],
		[219, "U4_4", -401.61, -209.47, "T", "SMD", "SCL", "", "R", 23.62, 15.75, 0, 90],
		[220, "U4_5", -401.61, -266.55, "T", "SMD", "GND", "GND", "R", 23.62, 15.75, 0, 90],
		[221, "U4_6", -427.21, -266.55, "T", "SMD", "3V3", "", "R", 23.62, 15.75, 0, 90],
		[222, "U4_7", -452.79, -266.55, "T", "SMD", "GND", "GND", "R", 23.62, 15.75, 0, 90],
		[223, "U4_8", -478.39, -266.55, "T", "SMD", "3V3", "", "R", 23.62, 15.75, 0, 90],
		[224, "U5_1", 160.9, 410.34, "T", "SMD", "$1N22484", "", "R", 39.37, 23.62, 0, 270],
		[225, "U5_2", 198.3, 410.34, "T", "SMD", "GND", "GND", "R", 39.37, 23.62, 0, 270],
		[226, "U5_3", 235.7, 410.34, "T", "SMD", "BAT", "", "R", 39.37, 23.62, 0, 270],
		[227, "U5_4", 235.7, 512.71, "T", "SMD", "VBUS", "", "R", 39.37, 23.62, 0, 270],
		[228, "U5_5", 160.9, 512.71, "T", "SMD", "$1N22486", "", "R", 39.37, 23.62, 0, 270],
		[229, "U6_1", 101.7, 500.21, "T", "SMD", "VBUS", "", "R", 49.21, 27.56, 0, 90],
		[230, "U6_2", 26.9, 500.21, "T", "SMD", "+5V", "", "R", 49.21, 27.56, 0, 90],
		[231, "U6_3", 64.3, 421.47, "T", "SMD", "BAT", "", "R", 49.21, 27.56, 0, 90],
		[232, "USB_1", 170.08, 682.51, "T", "DIP", "GND", "GND", "O", 47.24, 78.74, 66.93, 180],
		[233, "USB_1", 170.08, 682.51, "B", "DIP", "GND", "GND", "O", 47.24, 78.74, 66.93, 180],
		[234, "USB_2", -170.08, 682.51, "T", "DIP", "GND", "GND", "O", 47.24, 78.74, 66.93, 180],
		[235, "USB_2", -170.08, 682.51, "B", "DIP", "GND", "GND", "O", 47.24, 78.74, 66.93, 180],
		[236, "USB_3", 170.08, 847.08, "T", "DIP", "GND", "GND", "O", 47.24, 70.87, 55.12, 180],
		[237, "USB_3", 170.08, 847.08, "B", "DIP", "GND", "GND", "O", 47.24, 70.87, 55.12, 180],
		[238, "USB_4", -170.08, 847.08, "T", "DIP", "GND", "GND", "O", 47.24, 70.87, 55.12, 180],
		[239, "USB_4", -170.08, 847.08, "B", "DIP", "GND", "GND", "O", 47.24, 70.87, 55.12, 180],
		[240, "USB_A1", 131.89, 656.92, "T", "SMD", "GND", "GND", "R", 11.81, 51.18, 0, 180],
		[241, "USB_A12", -131.89, 656.92, "T", "SMD", "GND", "GND", "R", 11.81, 51.18, 0, 180],
		[242, "USB_A4", 100.39, 656.92, "T", "SMD", "VBUS", "", "R", 11.81, 51.18, 0, 180],
		[243, "USB_A5", 49.21, 656.92, "T", "SMD", "USB_A5", "", "R", 11.81, 51.18, 0, 180],
		[244, "USB_A6", 9.84, 656.92, "T", "SMD", "D+", "", "R", 11.81, 51.18, 0, 180],
		[245, "USB_A7", -9.84, 656.92, "T", "SMD", "D-", "", "R", 11.81, 51.18, 0, 180],
		[246, "USB_A8", -49.2, 656.92, "T", "SMD", "USB_A8", "", "R", 11.81, 51.18, 0, 180],
		[247, "USB_A9", -100.4, 656.93, "T", "SMD", "VBUS", "", "R", 11.81, 51.18, 0, 180],
		[248, "USB_B1", -120.08, 656.92, "T", "SMD", "GND", "GND", "R", 11.81, 51.18, 0, 180],
		[249, "USB_B12", 120.08, 656.92, "T", "SMD", "GND", "GND", "R", 11.81, 51.18, 0, 180],
		[250, "USB_B4", -88.58, 656.93, "T", "SMD", "VBUS", "", "R", 11.81, 51.18, 0, 180],
		[251, "USB_B5", -68.9, 656.92, "T", "SMD", "USB_B5", "", "R", 11.81, 51.18, 0, 180],
		[252, "USB_B6", -29.53, 656.92, "T", "SMD", "D+", "", "R", 11.81, 51.18, 0, 180],
		[253, "USB_B7", 29.53, 656.92, "T", "SMD", "D-", "", "R", 11.81, 51.18, 0, 180],
		[254, "USB_B8", 68.9, 656.92, "T", "SMD", "USB_B8", "", "R", 11.81, 51.18, 0, 180],
		[255, "USB_B9", 88.58, 656.92, "T", "SMD", "VBUS", "", "R", 11.81, 51.18, 0, 180],
		[256, "PAD1_2", 74, 846, "B", "SMD", "BAT", "", "C", 98.43, 98.43, 0, 270],
		[257, "PAD2_1", -74, 846, "B", "SMD", "GND", "GND", "C", 98.43, 98.43, 0, 270],
		[258, "PAD3_1", -263.78, 854, "T", "SMD", "GND", "GND", "C", 78.74, 78.74, 0, 270],
		[259, "PAD4_2", 263.78, 854.02, "T", "SMD", "BAT", "", "C", 78.74, 78.74, 0, 270]
	]
}
}